Zone,Disponibilité de protéines en quantité (g/personne/jour),Disponibilité intérieure,Exportations - Quantité,Importations - Quantité,Nourriture,Pertes,Production,Valeur US $ du PIB par habitant,Coût d'une alimentation équilibré (PPP dollar par personne par jour),Coût des aliments d'origine animale,Population totale,Population urbaine,Part de l'élevage de poulet (%),Political_Stability,distance_km
Afrique du Sud,1.6250524200326912,2.800168222401034,0.06714528457628696,4.396786740163692,2.7967391770170815,3.7385265175204068,1.981279070565238,-0.30324969573054,1.6794265764742078,0.957358962621798,0.7955393469049014,1.1798448602234393,-0.2417776247259756,-0.18547199400492834,0.8528393826282498
Albanie,-0.005784115283576038,-0.47813222014245493,-0.2896455267310826,-0.1976981197663508,-0.4725000179856858,-0.3582991314758825,-0.5096457326927124,-0.4210337151171853,1.3793062751804377,1.7204690141643162,-0.516932769863821,-0.5207678982632902,-0.3628478928748996,0.6312639496167356,-1.1117302176504293
Algérie,-0.8970310880869884,-0.11405249933849436,-0.2896455267310826,-0.545180167996354,-0.11564644388327106,0.2833723557163074,-0.1150736054535449,-0.4506695456235309,1.001154695550288,0.45739030816290693,0.4170286306004434,0.8179479872461289,0.29482527229588856,-0.9774583635774508,-1.1776565130476855
Angola,-0.5583987883971138,-0.04756837640907547,-0.2896455267310826,2.109196589316171,-0.03177763153662058,-0.2595804411386225,-0.46597171860898773,-0.4516867623001385,2.129607028414861,0.7047432214215159,0.15024862577890163,0.3184366812793973,-0.45897403542530146,-0.24734592912778164,0.13163933079386994
Antigua-et-Barbuda,2.3854169702565815,-0.5414504324561872,-0.2896455267310826,-0.4969187724088536,-0.5415684516829273,-0.3582991314758825,-0.5292237390061062,0.37528514961404263,1.6994345965604587,-1.0267271713887485,-0.5850011442351877,-0.6026662969413707,-0.11401503019696028,1.08913106952585,0.19084071610663483
Argentine,1.5045574913086868,2.553227194377478,0.8826671389931318,-0.4872664932913535,2.5023760905455044,4.873791456398897,2.7252433104742027,0.321467870209951,0.1568162479104836,-1.0951439346304916,0.48826660371385766,1.336021163795713,-0.8422618190123472,0.3713934221007516,1.291195671871879
Arménie,-0.176139014514065,-0.47813222014245493,-0.2896455267310826,-0.22665495711885109,-0.4725000179856858,-0.3582991314758825,-0.5126577336640037,-0.46496848271708546,-0.3333802442026735,0.5047557596379598,-0.5176024591030947,-0.5155540345598353,-0.5873450232615978,-0.6062147528403309,-0.643598680262927
Australie,2.1423496140374696,1.301109545873422,-0.0517849858595029,-0.4100482603513528,1.3759028266738265,-0.3582991314758825,1.3818908772782583,3.4703442064518764,-2.008051525421908,-2.2056006303233975,0.013090889016158793,0.39925868479261134,-0.8282687729448837,1.2623780878698392,2.8042361301068004
Autriche,0.24974823356215767,-0.27867985135419826,0.1520954777447083,0.4972659766936557,-0.28667304160977397,-0.3582991314758825,-0.30633566713054594,2.7142762922980155,-0.9816400949972162,-1.3951251273058265,-0.3724549576662401,-0.3615048746670355,-0.6311493413858317,1.46037468026297,-1.2564028443983095
Azerbaïdjan,-0.38181139285331406,-0.3483298848993038,-0.2896455267310826,-0.3038731900588518,-0.33765212362440467,-0.3582991314758825,-0.37259968849895575,-0.44765306965601315,-1.8299801466542711,-0.7793742581301396,-0.34135144210884055,-0.3441119564337825,-0.35007163342199804,-0.7670869841597495,-0.5458314822623405
Bangladesh,-1.2086559037525173,-0.15679229265026365,-0.2896455267310826,-0.5644847262313543,-0.1551141202816948,0.13529432021041746,-0.1542296180803325,-0.6390644653658278,-0.7615518740484513,1.3994365097222916,3.362602211569369,2.2161540719397066,-0.21926707235657764,-1.3982011224128534,0.5002527187098016
Barbade,1.8785072701073215,-0.5256208793777541,-0.2896455267310826,-0.545180167996354,-0.5284125595501195,-0.3582991314758825,-0.506633731721421,0.5244426645764922,0.03802033001061756,-0.017946879466933192,-0.5804098962090971,-0.5996185006044679,3.557030185936744,1.3613763840664046,0.23377180345196466
Belgique,-0.3568814076000717,-0.31192191281890774,3.425509587834543,2.697985615483676,-0.31298482587538984,-0.3582991314758825,0.16805448584784244,2.473740601910309,-0.8015679142209539,-0.6951690110633789,-0.3092994686688579,-0.0691477237679456,-0.592212169719846,0.6931378847395888,-1.4533293999494648
Belize,0.40971563893712903,-0.5224549687620675,-0.2896455267310826,-0.5644847262313543,-0.5333460190999224,-0.3582991314758825,-0.49910372929319263,-0.3920595116079228,-1.5738774895502543,-0.5320213448715301,-0.5780783366988148,-0.5957103236262007,-0.02397282071936867,0.21052119078133294,0.6733078170609043
Bolivie (État plurinational de),1.0682827493769467,0.1265567074536883,-0.2839821805198545,-0.5548324471138542,0.11293718192426651,0.9744031880771272,0.27347451984303983,-0.5062451092941415,0.5769846697217609,0.8889421993800555,-0.3080533467116735,-0.2392558895257882,0.20234948958917254,0.04299217747628317,0.9797264498121075
Bosnie-Herzégovine,-0.1304340415497875,-0.4654685776797085,-0.2443387570412579,-0.46796193505635336,-0.4576996393362769,-0.3582991314758825,-0.43735770938171986,-0.35652232466874245,1.169222064274799,0.23108870667098813,-0.5032452514487575,-0.5236822078451214,0.44083966604333447,-0.27209550317692294,-1.1768932179786837
Botswana,-1.0590759922330635,-0.5414504324561872,-0.2896455267310826,-0.5355278888788539,-0.5382794786497254,-0.3582991314758825,-0.5216937365778778,-0.17346400190493222,0.7190416123341445,1.1573464244053546,-0.528590201224704,-0.5286797227111977,-0.9469054678646835,1.423250319189258,0.640026739485315
Bulgarie,0.5094355799500984,-0.30400713627969117,-0.03479494722581863,0.47796141845865553,-0.2916065011595769,-0.3582991314758825,-0.3680816870420187,-0.14108765674283041,1.035168329696915,0.4521274802212344,-0.411883131342792,-0.3512265855630303,0.2333775482605049,0.5693900144938822,-1.0714985640782801
Burkina Faso,-1.1463309406194115,-0.47971517545029824,-0.2896455267310826,-0.5644847262313543,-0.47743347753548876,-0.2595804411386225,-0.459947716666405,-0.6979126276704147,-0.17931848953853854,1.4099621656056367,-0.10297871639302382,-0.34039610545289395,-0.7437021032328212,-0.9898331506020215,-0.4848865651286876
Bélarus,0.6486279976140346,-0.13304796303261404,0.5711830973755868,-0.36178686476385236,-0.11564644388327106,-0.3582991314758825,0.16805448584784244,-0.3274976831855712,-0.17131528150403802,-0.2688799477879035,-0.3502301220855343,-0.25055044505597107,-0.2898406960011765,0.04299217747628317,-1.0535476578503336
Bénin,-0.27170395798482716,-0.29767531504831796,-0.2896455267310826,0.622745605221157,-0.285028555093173,-0.3582991314758825,-0.502115730264484,-0.668490128611694,0.574983867713135,1.5310072082641046,-0.304116896176681,-0.3542502635416823,-0.30079177553223496,0.19814640375676226,-0.3196705027060186
Cabo Verde,0.04823085276511558,-0.5367015665326573,-0.2896455267310826,-0.44865737682135315,-0.5349905056165234,-0.3582991314758825,-0.5277177385204604,-0.5105302345539185,0.19082988205711063,-0.5162328610465124,-0.5734335516173975,-0.5868403556075439,0.07458689506015743,0.04299217747628317,-0.3881354954904564
Cambodge,-1.152563436932722,-0.4923788179130447,-0.2896455267310826,-0.46796193505635336,-0.4889448831516957,-0.3089397863072525,-0.4870557254080272,-0.6502718528568032,0.711038404299644,1.8362512288811121,-0.20075571335905973,-0.4282105702529684,-0.7370097768527298,0.27239512590418624,1.0169542471649042
Cameroun,-1.0840059774863056,-0.4227287843679392,-0.2896455267310826,-0.5644847262313543,-0.4215209359710551,-0.1608617508013625,-0.4072376996688063,-0.6473526117763524,-1.2937652083427358,-0.2109888404295055,0.008277851593057613,0.03689176650459865,-0.35919753303121343,-1.2002045300197228,-0.24182761953647056
Canada,1.5731149507551032,1.7158438365283686,0.6334799056990958,1.1922300731536624,1.8067582940232858,-0.3582991314758825,1.604778949153819,2.5382746396423284,-0.7995671122123289,-0.5846496242882555,0.3051647966539167,0.8190624941929442,-0.4011766712336041,1.5222486153858235,0.013749127634105195
Chili,1.2303276535230219,0.5112148472596119,0.36163928756014757,0.9316185369811598,0.5553040548899327,-0.3582991314758825,0.5430486067736161,0.3471078312776144,-0.41941473057355433,-0.589912452229928,-0.13879901008982465,0.15054086148047333,0.5868540597907803,0.6807630977150181,1.4446345434120438
"Chine, Taiwan Province de",0.9810278009905985,0.6900887970459055,-0.2443387570412579,0.9895322116861603,0.7411310312658446,-0.3582991314758825,0.45268857763487547,0.274840501166574,1.455336751508193,0.1784604272542627,-0.009498428204323658,0.27345145378379787,1.3777653592561128,0.04299217747628317,0.990646514635514
Chypre,0.6839454767227945,-0.4923788179130447,-0.2839821805198545,-0.429352818586353,-0.5004562887679026,-0.3089397863072525,-0.49157372686496426,1.2084532834392734,-0.833580746358956,-0.947784752263661,-0.5577222934506548,-0.5662189682665704,-0.25820424402256326,0.8292605420098662,-0.7671510152840162
Colombie,0.681867977951691,2.048264451175463,-0.2783188343086264,0.1883930449336528,2.0238305142146165,3.491729791677257,1.8261610205437333,-0.2845798420646523,-0.7995671122123289,-0.4162391301547341,0.5931693265946874,1.2812347608573476,-0.5307644456844623,-0.7918365582088909,0.6808321199050028
Congo,0.24143823847774357,-0.3784060357483266,-0.2896455267310826,0.43935230198865516,-0.3688973674398235,-0.3582991314758825,-0.5186817356065865,-0.5939050389464645,0.16081785192773343,-1.2846057405307032,-0.45753703226488046,-0.43689351353714934,-0.33364501412541037,0.04299217747628317,0.013962742959128343
Costa Rica,0.3411581794907127,-0.34041510836008726,-0.27265548809739837,-0.4003959812338527,-0.3343631505912027,-0.3582991314758825,-0.3289256744152311,0.14393016437345588,1.3973134932580635,-0.07415531394601937,-0.4653124290033673,-0.41980873718000417,0.016789530868460106,0.9158840511818608,0.7553300145992006
Croatie,-0.46283384492635166,-0.48129813075814154,-0.1933686411402051,-0.3328300274113521,-0.4757889910188878,-0.3582991314758825,-0.43735770938171986,0.2328478604308372,1.811479509043466,0.41002485668785404,-0.48487615801047207,-0.4904910963298115,-0.19188937352893154,0.04299217747628317,-1.244762381820844
Cuba,0.1728807790313272,-0.01116040432867941,-0.2896455267310826,2.447026358428674,-0.1074240113002661,-0.3582991314758825,-0.4855497249223815,-0.12599998440679983,0.03802033001061756,-0.017946879466933192,-0.3104733290283371,-0.18165442046785948,-0.6001212827144993,0.9653831992801435,0.451381722861675
Côte d'Ivoire,-1.1276334516794797,-0.4496390246012754,-0.2896455267310826,-0.4969187724088536,-0.447832720236671,-0.2102210959699925,-0.4418757108386569,-0.5970995015215523,0.020761711323974644,1.2310260155887702,0.019381602874226238,-0.01994035080469072,1.1222401701980826,0.04299217747628317,-0.33613205757881465
Danemark,1.3882175601268896,-0.28817758320125814,0.4975595966296217,0.7192683963961578,-0.27680612251016806,-0.3582991314758825,-0.268685654989404,3.4930511178381765,-1.7739576904127674,-1.995087512656496,-0.447163001057025,-0.3635664450675424,-0.7370097768527298,1.237628513820698,-1.2584014542047415
Djibouti,-1.1151684590528586,-0.5477822536875605,-0.2896455267310826,-0.5355278888788539,-0.5448574247161293,-0.3582991314758825,-0.5292237390061062,-0.537047410369319,-0.9316200447815872,0.583698178763048,-0.5618307070580242,-0.568381501457854,0.1457948800190553,-0.7547121971351788,-0.09628801543579527
Dominique,1.0869802383168783,-0.5461992983797171,-0.2896455267310826,-0.5258756097613538,-0.5448574247161293,-0.3582991314758825,-0.5292237390061062,-0.21790322096910927,1.4753447715944439,-0.18993752866281532,-0.5855068777683166,-0.6013925133118494,-0.08542054475475218,1.64599648563153,0.22001353640798862
El Salvador,-0.007861614054679519,-0.34516397428361717,-0.2783188343086264,-0.4100482603513528,-0.3343631505912027,-0.3582991314758825,-0.32440767295829404,-0.46528147027145783,0.03802033001061756,-0.017946879466933192,-0.4342396490376944,-0.3867666818945969,0.13542622578825994,-0.16072241995578698,0.7711862246263433
Espagne,1.2843426215717133,1.8171529762303402,0.9109838700492722,1.4142324928561645,1.782090996274271,2.899417649653697,1.7523669967470952,1.3096926679943435,-1.1276986416268506,-1.3372340199474286,0.5500198515252294,1.1689676716888089,-0.5100790732369076,0.5075160793710289,-1.252371026531879
Estonie,0.20404326059787997,-0.5066254156836345,-0.22734871840757365,-0.36178686476385236,-0.5037452618011046,-0.3089397863072525,-0.49910372929319263,0.7433091211286501,-0.2753569859525449,-0.6583292154716711,-0.5550606742103134,-0.5608897185165134,-0.4845265543311046,0.9653831992801435,-1.0455580038666092
Eswatini,-0.8430161200382966,-0.5414504324561872,-0.2896455267310826,-0.545180167996354,-0.5382794786497254,-0.3582991314758825,-0.5201877360922321,-0.4650695367690255,0.3308860226608694,1.3625967141305833,-0.5591170643498754,-0.588443342887408,-0.4011766712336041,0.04299217747628317,0.7316913702877053
Fidji,0.654860493927345,-0.5113742816071644,-0.2896455267310826,-0.5355278888788539,-0.5086787213509075,-0.3582991314758825,-0.4945857278362556,-0.30476963558008263,0.6990335922478936,0.6521149420047905,-0.5647898683094573,-0.5797642680923721,0.6446514239824779,0.9530084122555729,2.707725284616089
Finlande,0.3286931868640916,-0.3768230804404833,-0.22168537219634554,-0.4100482603513528,-0.3804087730560304,-0.3582991314758825,-0.3349496763578138,2.6466171838040777,-1.4358221509551203,-1.7582602552812314,-0.45275702522748706,-0.3787966390730107,-0.5849114500324736,1.497499041336682,-1.0328490071049108
Fédération de Russie,0.8626103710376976,6.659413262923016,0.36163928756014757,1.6169303543236664,6.86519881908793,-0.3582991314758825,6.163442419203284,0.04073279254964693,-0.2273377377455417,0.5415955552296676,2.963663800736593,4.50504873888073,0.23581112148962896,-0.6309643268894722,-0.8847416891256248
Gabon,0.8937728526042504,-0.4290606055993124,-0.2896455267310826,0.16908848669865265,-0.44947720675327196,-0.3582991314758825,-0.5231997370635235,-0.2220298052067189,0.19082988205711063,-0.7477972904801043,-0.5349771743664713,-0.5178135187753747,0.5071545365369662,0.04299217747628317,-0.14020432830465504
Gambie,-1.0486884983775457,-0.5398674771483439,-0.2896455267310826,-0.4100482603513528,-0.5366349921331244,-0.3582991314758825,-0.5262117380348148,-0.7019580902056952,-0.6415037535309434,-1.516170169964295,-0.5290945188211211,-0.5430770453314451,-0.7412685300036971,0.06202374648648497,-0.42019976320273744
Ghana,-0.8367836237249862,-0.21852754965615262,-0.2896455267310826,0.8930094205111595,-0.2028042292631235,-0.3582991314758825,-0.4388637098673655,-0.5997993699739008,1.0091579035847884,1.8836166803561656,0.15058146855698035,0.15911825709785357,0.4809936243238821,0.27239512590418624,-0.2953030264027609
Grèce,0.006680877343045217,-0.27076507481498174,-0.12540848660546805,0.1980453240511529,-0.283384068576572,-0.3582991314758825,-0.15874761953726954,0.6334903646466351,-0.4514275627115565,-0.42150195809640667,-0.3261994301178517,-0.18428532740046202,-0.06047641915623015,0.07439853351105563,-0.9855475640024471
Guatemala,-0.036946596850128806,0.012583925288970193,-0.250002103252486,0.6806592799261575,0.022490423511212075,0.23401301054767745,-0.175313624879372,-0.4414076253628287,0.03802033001061756,-0.017946879466933192,-0.18249418228546663,-0.19448710638581804,-0.448022955894243,-0.6433391139140429,0.7755332300756292
Guinée,-1.0112935204976823,-0.473383354218925,-0.2896455267310826,-0.2073503988838509,-0.46921104495248384,-0.3089397863072525,-0.5096457326927124,-0.6890785771050887,0.7850680786187737,-1.6740550082144707,-0.2883948720083882,-0.38647769142771404,-0.57091840396501,-0.7052130490368961,-0.34539286026921134
Guinée-Bissau,-1.152563436932722,-0.5461992983797171,-0.2896455267310826,-0.5258756097613538,-0.5432129381995283,-0.3582991314758825,-0.5247057375491692,-0.6976522480883086,-0.1973257076161645,-1.621426728797746,-0.5413339734086563,-0.5656947163487099,-0.7935903544298651,-0.45771730854548287,-0.3923336498685999
Guyana,1.255257638776264,-0.5018765497601045,-0.2896455267310826,-0.5644847262313543,-0.5004562887679026,-0.3582991314758825,-0.4825377239510902,-0.3030265714867218,2.7338492350196497,0.23635153461266067,-0.5685925616505894,-0.5940116270593373,3.474288696146525,0.11152289458476762,0.34317592929657037
Géorgie,-0.22807648379165313,-0.45597084583264863,-0.26132879567494216,-0.07221849123884963,-0.44947720675327196,-0.3582991314758825,-0.4960917283219013,-0.4549080865082245,0.03802033001061756,-0.017946879466933192,-0.4951433348219911,-0.4950730112879691,-0.4139529306865057,-0.2968450772260643,-0.65864342832479
Honduras,0.14379579623587793,-0.22802528150321247,-0.2839821805198545,-0.44865737682135315,-0.21267114836272943,-0.3582991314758825,-0.23856564527649043,-0.5719918194601529,0.19483148607436046,1.083666833221939,-0.3522083809735227,-0.3540539257777829,0.0496427694616354,-0.5319660306929069,0.7264259934458076
Hongrie,0.7296504496870722,-0.13146500772477074,0.899657177626816,-0.004652537416348995,-0.14524720118208886,0.5301690815594574,0.21323450041721276,0.3260276764978442,0.07878496957410325,-0.3793993345630263,-0.3482511064037861,-0.2739336948509805,0.13055907933001162,1.1633797916732742,-1.2025403154837688
Indonésie,-0.8035436433873298,3.124674060508912,-0.2896455267310826,-0.5548324471138542,2.581311443342352,5.219306872579307,2.9360833784645974,-0.4706059162408766,1.7334482307070849,0.2731913302043685,5.869906028804811,6.287526034825739,3.046588201127964,-0.45771730854548287,1.4345328266400934
Iran (République islamique d'),0.7296504496870722,2.961629663801051,-0.03479494722581863,-0.5065710515263537,3.1009691825882646,-0.3582991314758825,2.7448213167875966,-0.2943185659635688,-0.5154532269875607,-0.9109449566719532,1.4757716265218235,2.27983465677323,1.9472214948711524,0.04299217747628317,-0.4445476295016311
Iraq,-0.19068150591178973,0.3434215846282213,-0.2896455267310826,3.972086458993688,0.37276605154722287,-0.11150240563273252,-0.38464769238412116,-0.38650826978296077,0.23084592222961325,0.641589286121446,0.3800340127028266,0.6807872181874497,-0.003287448271813831,-2.6975537599927732,-0.5346613297553319
Irlande,1.1036002284857065,-0.3499128402071471,0.2370456709131296,0.39109090640115474,-0.3475190427240106,-0.3582991314758825,-0.3635636855850817,4.418335715199266,-1.7319408482316399,-1.8635168141146823,-0.47073175587883653,-0.4607208276787258,-0.8824157772928949,1.3985007451401168,-1.3216626390368138
Italie,0.3203831917796775,1.3042754564891088,0.7467468299236576,0.3717863481661545,1.3347906637588018,-0.3582991314758825,1.4511668996179596,1.6171152780266733,-0.7555494680225765,-0.521495688988185,0.8776349424386518,1.3846912943590393,-0.13774236918092028,0.5446404404447408,-1.2381474746611933
Jordanie,0.7919754128201777,-0.11721840995418098,-0.23301206461880172,0.05326113728865155,-0.09755709220066017,-0.3582991314758825,-0.21296363702051394,-0.4417483056539288,0.2988731905228673,2.1625465612648096,-0.3378405537938472,-0.18337198188919637,1.3236183549081015,-0.45771730854548287,-0.6609282686492227
Kazakhstan,-0.022404105452404257,-0.028572912714955788,-0.25566544946371406,1.1150118402136615,-0.007110333787605739,-0.3582991314758825,-0.27169765596069534,-0.07583193106894695,-1.7439456602833903,-1.079355450805474,-0.14011151018354984,-0.10537354561984019,-0.715107617790613,0.21052119078133294,-0.1002213425545669
Kenya,-1.2585158742590017,-0.49712768383657463,-0.2896455267310826,-0.5644847262313543,-0.49387834270149866,-0.2595804411386225,-0.47651372200850745,-0.6320432274281232,-0.833580746358956,0.30476829785440374,0.6077306732625417,0.026614480342223662,-0.8270519863303216,-1.2373288910934346,0.1290051619370825
Kirghizistan,-1.0819284787152021,-0.5018765497601045,-0.2896455267310826,-0.323177748293852,-0.5185456404505135,-0.3582991314758825,-0.5186817356065865,-0.6605866676178114,-0.5854812972894397,-0.4267647860380792,-0.4377890850090311,-0.49954445938942527,-0.8653807646890262,-0.3710937993734883,-0.13451822432437477
Kiribati,0.07523833678946157,-0.5493652089954038,-0.2896455267310826,-0.5548324471138542,-0.5465019112327304,-0.3582991314758825,-0.5277177385204604,-0.6309806156665275,0.03802033001061756,-0.017946879466933192,-0.5842872435927233,-0.6009094297599538,3.149406670058457,1.2500033008452687,2.1446141835146504
Lesotho,-0.7412186802542239,-0.5256208793777541,-0.2896455267310826,-0.4197005394688529,-0.5218346134837155,-0.3582991314758825,-0.5262117380348148,-0.6710389709955035,1.015160309610664,1.5520585200307948,-0.5342349794024732,-0.5742928394264483,-0.9608985139321471,-0.07409891078379233,0.7776655996639317
Lettonie,0.1936557667423624,-0.4876299519895148,-0.17637860250652085,-0.14943672417885034,-0.48236693708529177,-0.3582991314758825,-0.47952572297979884,0.39290627653331495,-0.2773577879611698,-0.4372904419214243,-0.5395021419068288,-0.5404827696479086,-0.6481843539897003,0.7302622458133008,-1.0852891851937325
Liban,-0.496073825264008,-0.436975382138529,-0.26699214188617026,-0.43900509770385304,-0.4297433685540601,-0.3582991314758825,-0.4328397079247828,-0.17886780626527643,0.03802033001061756,-0.017946879466933192,-0.4380822571464778,-0.34699536586157764,3.8727863124155957,-1.8560682423219677,-0.705829775415453
Libéria,-0.5293138056016643,-0.473383354218925,-0.2896455267310826,-0.1011753285913499,-0.46756655843588285,-0.3582991314758825,-0.506633731721421,-0.7087118649844953,1.5113592077496958,-1.010938687563731,-0.47012688236318023,-0.4892984076949633,1.1228485635053636,-0.2844702902014936,-0.2769383836929743
Lituanie,0.7171854570604509,-0.4227287843679392,0.0954620156324274,-0.13978444506135027,-0.41823196293785314,-0.3582991314758825,-0.35151568169991626,0.47793090175984343,-0.5194548310048105,-0.9214706125552983,-0.5163201331089518,-0.5106731952367429,-0.15477738178478895,1.1262554305995622,-1.086949943448136
Macédoine du Nord,0.15002829254918837,-0.4876299519895148,-0.2839821805198545,-0.17839356153135064,-0.48236693708529177,-0.3582991314758825,-0.5262117380348148,-0.3538750059439963,0.11079780171210536,0.3784478890378188,-0.5356664914180946,-0.5464166499236206,-0.6512263205261053,0.04299217747628317,-1.0948195325422905
Madagascar,-1.104780965197341,-0.4227287843679392,-0.2896455267310826,-0.5644847262313543,-0.4297433685540601,-0.2595804411386225,-0.4072376996688063,-0.7140088869485404,-0.5514676631428126,0.7521086728965694,0.05164362320159264,-0.15784663980850996,-0.6195898685474921,-0.2102215680540696,0.7076986978985432
Malaisie,1.3840625625846823,2.01343943440291,-0.04045829343704672,0.0918702537586519,1.456482665987275,3.689167172351777,2.067121098247042,-0.0001332063642905848,-0.07727758709865659,-0.2478286360212133,0.19339021554563693,0.5356361564380786,3.4712467296101197,0.3095194869778983,1.0853024297486755
Malawi,-0.9448135598223694,-0.3974014994424463,-0.2896455267310826,-0.5644847262313543,-0.40014261125524225,-0.012783715295472524,-0.3334436758721681,-0.7146796960886447,-1.0776785914112217,1.094192489105284,-0.15069800513627976,-0.45521572882950123,-0.5532749980538604,-0.1483476329312163,0.4220428585905854
Maldives,-0.3298739235757259,-0.5335356559169707,-0.2896455267310826,-0.44865737682135315,-0.5382794786497254,-0.3582991314758825,-0.5292237390061062,-0.050093272550415915,0.6370087299805144,0.15214628754589998,-0.5756920194981092,-0.5956639972747091,0.1457948800190553,0.44564214424817555,0.5928008678566118
Mali,-1.1068584639684445,-0.4702174436032384,-0.2896455267310826,-0.5548324471138542,-0.4642775854026809,-0.3582991314758825,-0.45693571569511365,-0.6909507332790671,-0.7255374378931994,0.6626405978881356,-0.11578325179207359,-0.2357301676225166,-0.7710798020604673,-2.202562279009946,-0.46837656280497053
Malte,1.3279700957648872,-0.5303697453012841,-0.2896455267310826,-0.4776142141738534,-0.5300570460667204,-0.3582991314758825,-0.5231997370635235,1.508437527619783,0.46293895523012857,-0.43202761397975176,-0.5755197878860111,-0.5844162456872704,1.165436095015035,1.7078704207543833,-1.0754000829318806
Maroc,0.20819825814008713,0.6283535400400165,-0.2839821805198545,-0.5355278888788539,0.6769960571184059,-0.3582991314758825,0.6183486310559,-0.5259184785868772,-1.105689819531974,-0.4162391301547341,0.28011167631681083,0.45283386855553176,0.6081478255456163,-0.2968450772260643,-1.0397767814054735
Mauritanie,-0.9759760413889224,-0.5177061028385376,-0.2896455267310826,-0.3328300274113521,-0.5136121809007106,-0.3582991314758825,-0.5216937365778778,-0.6354284066230906,0.37690446885924767,0.43633899639621676,-0.4856683990134215,-0.4923572363897987,-0.932304028489939,-0.6185895398649015,-0.5537044709136133
Mongolie,-1.1089359627395479,-0.5382845218405006,-0.2896455267310826,-0.46796193505635336,-0.5349905056165234,-0.3582991314758825,-0.5292237390061062,-0.4829265954574498,2.563781064286514,-0.6372779037049809,-0.5116431476736922,-0.5034514901486864,-1.0004440789054139,1.1386302176241327,0.2819248954217546
Monténégro,-0.10342655752544168,-0.5367015665326573,-0.2896455267310826,-0.4872664932913535,-0.5333460190999224,-0.3582991314758825,-0.5231997370635235,-0.18478461196694648,0.2688611603934901,-0.07941814188769192,-0.571786084840526,-0.583901593353585,-0.4754006547218892,0.08677332053562631,-1.1397251147472778
Mozambique,-1.0569984934619598,-0.3689083039012668,-0.2896455267310826,-0.3328300274113521,-0.3804087730560304,-0.1608617508013625,-0.39067169432670384,-0.7179562303035579,-0.4634323747633068,0.6100123184714107,0.11023164214456169,-0.10148986907282584,-0.3920507716243887,-0.9898331506020215,0.727667995585717
Myanmar,0.7566579337114178,2.084672423255859,-0.2896455267310826,-0.5355278888788539,2.115921759144272,1.8628714011124672,1.9737490681370098,-0.6581489286517104,0.8871089810586557,0.7994741243716217,0.6892740778913953,0.16901958342626688,-0.10123877074405882,-1.1754549559705814,0.7472573233276278
Namibie,-0.4233613682753846,-0.5082083709914778,-0.22168537219634554,-0.2845686318238516,-0.5037452618011046,-0.3582991314758825,-0.5126577336640037,-0.3587813325945339,-0.01525272483127817,-0.7425344625384318,-0.5295009414828092,-0.5445684672947271,-0.8659891579963073,0.9406336252310021,0.5307708434108428
Nicaragua,0.12925330483815317,-0.33408328712871405,-0.2896455267310826,-0.5065710515263537,-0.32285174497499575,-0.3582991314758825,-0.3138656695587743,-0.5935732135293127,-0.1433040533832866,0.7310573611298792,-0.42901830917485667,-0.43075398246811436,-0.6427088142241709,0.09914810756019696,0.7495350597534621
Niger,-1.23981838531907,-0.5192890581463809,-0.2896455267310826,-0.5355278888788539,-0.5169011539339126,-0.3089397863072525,-0.5006097297788383,-0.7138272970843035,-0.8255775383244555,1.3731223700139283,-0.05654419491410345,-0.4361667629282323,-0.9061431162768548,-1.410575909437424,-0.5213146039806426
Nigéria,-1.2418958840901737,-0.23277414742674238,-0.2896455267310826,-0.5644847262313543,-0.23404947307854232,0.13529432021041746,-0.22651764139132502,-0.6075278291977529,0.6049958978425123,0.6152751464130832,4.136532296549165,3.9105617738375598,-0.5879534165688788,-2.3139353622310823,-0.3218804280545538
Nouvelle-Calédonie,1.6125874274060705,-0.535118611224814,-0.2896455267310826,-0.4776142141738534,-0.5317015325833214,-0.3582991314758825,-0.5277177385204604,1.673369620685503,0.03802033001061756,-0.017946879466933192,-0.5802838778417477,-0.5946009746649124,-0.5477994582883311,0.04299217747628317,2.7489849664032815
Népal,-1.1671059283304468,-0.4607197117561786,-0.2896455267310826,-0.5644847262313543,-0.45934412585287787,-0.2102210959699925,-0.4418757108386569,-0.6736976523383411,1.729446626689835,2.6467267318986827,0.1008079730100397,-0.33324665992133945,-0.4985196003985681,-0.6928382620123255,0.32845747648595996
Oman,0.22689574708001883,-0.3720742145169534,-0.1990319873514332,0.6517024425736573,-0.38369774608923235,-0.3582991314758825,-0.5186817356065865,0.3567588225217123,-0.8956056086263353,-0.18467470072114278,-0.4763466773221485,-0.41884944739024876,-0.6500095339115434,0.04299217747628317,-0.08812065661119259
Ouganda,-1.2003459086681032,-0.4480560692934321,-0.2896455267310826,-0.5644847262313543,-0.447832720236671,-0.2102210959699925,-0.4313337074391371,-0.6955604646947735,-1.0276585411955936,-0.1267835933627448,0.3923849601000645,-0.12903418041429693,-0.7893316012788981,-0.5443408177174774,0.03726136830645667
Pakistan,-0.8970310880869884,1.4768175850440293,-0.26699214188617026,-0.545180167996354,1.453193692954073,2.800698959316437,1.3999628831060065,-0.6450898124526407,0.29086998248836676,0.7468458449548963,4.69518641545589,2.825029524164955,0.02774061039951854,-2.82130163023848,0.044762685818792294
Panama,0.8418353833266623,-0.24860370050517544,-0.2896455267310826,-0.3714391438813524,-0.32120725845839476,-0.2595804411386225,-0.23103564284826206,0.3579198059303774,1.9255252235350975,1.2257631876470982,-0.48722964012708536,-0.4720069776028648,0.04234204977426304,0.6436387366413062,0.6897171704066126
Paraguay,-0.9323485671957483,-0.4876299519895148,-0.26699214188617026,-0.5548324471138542,-0.48236693708529177,-0.3582991314758825,-0.4614537171520507,-0.3357061889200268,0.3348876266781201,-0.35834802279633615,-0.4320730217416338,-0.40446043485779454,-0.8738982709909605,0.1610220426830503,1.0656112354216074
Pays-Bas,0.4554206119014067,0.0363282549066198,7.740979400790347,5.304100977208701,0.019201450478010095,-0.3582991314758825,1.127376795204139,2.837402374137251,-1.0396633532473447,-1.3845994714224814,-0.16715140944161677,0.13715163847598585,-0.20466563298183302,1.2995024489435514,-1.4109182073154989
Philippines,-0.3402614174312435,1.8551439036185795,-0.2783188343086264,1.8389327740261683,1.8495149434549116,2.701980268979177,1.3864088787351954,-0.5229406749514092,1.1612188562402985,1.1468207685220095,2.018549603872988,1.7352899343535224,0.17253821753240242,-1.299202826216288,1.222954596123888
Pologne,1.215785162125297,1.2773652162557725,5.515284339777708,-0.033609374768849266,1.3413686098252058,0.9744031880771272,3.0113834027468815,0.26458744584365235,-0.7075302198155733,-1.5424843096726577,0.3534644485600938,0.4918378387231722,0.2747482931556146,0.8045109679607249,-1.1711737818114234
Polynésie française,2.059249663193328,-0.5287867899934408,-0.2896455267310826,-0.4197005394688529,-0.5284125595501195,-0.3582991314758825,-0.5277177385204604,0.7961202542252152,0.03802033001061756,-0.017946879466933192,-0.5800128724376512,-0.5955195259208301,0.1336010458664168,0.04299217747628317,2.4873132300704546
Portugal,1.3404350883915086,-0.03807064456201563,-0.04045829343704672,0.22700216140365317,-0.03177763153662058,-0.3582991314758825,0.014442436311983354,0.8245094514093344,-1.4998478152311245,-1.5477471376143304,-0.3355909477239352,-0.2849252664905824,-0.7357929902381678,1.5469981894349647,-1.1500734847039067
Roumanie,0.3370031819485057,0.050574852677209556,0.10112536184365549,0.8447480249236591,0.07675847855904473,-0.3582991314758825,0.06112845136699935,0.037373443947234526,-0.6835205957120718,0.3573965772711286,-0.1063233786205932,-0.09694047807896299,-0.014238527802872263,0.23527076483047427,-1.042463118632891
Rwanda,-1.2024234074392066,-0.5224549687620675,-0.2896455267310826,-0.5644847262313543,-0.5201901269671145,-0.3089397863072525,-0.5006097297788383,-0.6951801186154728,-1.307770822403112,0.22056305078764304,-0.28864998474353004,-0.5040181999288933,-0.764387475680376,0.27239512590418624,0.06836188848339181
République centrafricaine,-1.144253441848308,-0.535118611224814,-0.2896455267310826,-0.5258756097613538,-0.5317015325833214,-0.3582991314758825,-0.5186817356065865,-0.718726529315011,0.32088201261774396,2.1414952494981194,-0.46524165658047967,-0.5126846185557381,-0.8720730910691175,-2.326310149255653,-0.20339052965448745
République de Moldova,-0.1574415255741333,-0.4480560692934321,-0.2896455267310826,-0.4100482603513528,-0.441254774170267,-0.3582991314758825,-0.4478997127812396,-0.5772546750312068,-1.6058903216882565,-0.6899061831217064,-0.5095808602656695,-0.5215303726978937,2.244725822131574,0.04299217747628317,-1.0154659200088805
République dominicaine,0.9540203169662529,0.041077120830149715,-0.25566544946371406,-0.15908900329635045,0.060313613393034836,-0.3582991314758825,-0.01868957437222155,-0.1942707457565737,0.5169606094630065,0.11004366401251964,-0.3272976111013558,-0.19106798285010265,1.6485003809961691,0.3590186350761809,0.3145078290925802
République-Unie de Tanzanie,-1.175415923414861,-0.3815719463640132,-0.2896455267310826,-0.545180167996354,-0.3804087730560304,-0.11150240563273252,-0.37109368801331005,-0.6784124141215571,-1.3297796444979886,-1.1582978699305622,0.7864046753357963,0.30082259053711535,-0.8629471914599021,0.04299217747628317,0.2998754384589641
Saint-Kitts-et-Nevis,2.6866542920665926,-0.5461992983797171,-0.2896455267310826,-0.5258756097613538,-0.5448574247161293,-0.3582991314758825,-0.5292237390061062,0.6516371433551345,-0.529458841047936,-0.8477910213718827,-0.5860590442605115,-0.6030569188267838,0.2047830628182968,0.9653831992801435,0.20352486490879299
Sainte-Lucie,2.6409493191023152,-0.535118611224814,-0.2896455267310826,-0.46796193505635336,-0.5333460190999224,-0.3582991314758825,-0.5277177385204604,0.05668095652814171,0.0007536912377228837,-0.15309773307110752,-0.5829005777105426,-0.6022805464867329,0.5357490219791743,1.386125958115546,0.24032464172270007
Samoa,3.2392689651801305,-0.5287867899934408,-0.2896455267310826,-0.4003959812338527,-0.5284125595501195,-0.3582991314758825,-0.5292237390061062,-0.4423333816528771,0.03802033001061756,-0.017946879466933192,-0.5821567959209192,-0.6021392272351206,-0.5812610901887876,1.6212469115823887,2.5812676769613874
Sao Tomé-et-Principe,-0.6394212404701513,-0.5493652089954038,-0.2896455267310826,-0.545180167996354,-0.5465019112327304,-0.3582991314758825,-0.5277177385204604,-0.6178208861701051,0.05077374145335096,0.7257945331882061,-0.5821468843639367,-0.5968472773618831,0.36174853609680113,0.39614299614989285,-0.14545027954310372
Serbie,-0.579173776108149,-0.4100651419051928,-0.250002103252486,-0.44865737682135315,-0.40178709777184324,-0.3582991314758825,-0.4012136977262236,-0.2920170612658661,1.6154009121982036,0.6363264581797734,-0.40498771485798174,-0.36901026895907224,-0.39387595154623184,0.27239512590418624,-1.1511020969827055
Sierra Leone,-1.0486884983775457,-0.5050424603757911,-0.2896455267310826,-0.429352818586353,-0.5004562887679026,-0.3089397863072525,-0.5036217307501296,-0.7151746640029237,-0.8415839543934565,-0.647803559588326,-0.3997954993485435,-0.45359612137405037,0.4158955404448124,0.11152289458476762,-0.32029855615453745
Slovaquie,-0.3215639284913118,-0.4353924268306857,-0.09142840933809952,0.043608858171151454,-0.42480990900425714,-0.3582991314758825,-0.4222977045252631,0.5310972519166124,-0.49944681091855964,-1.1056695905138367,-0.4544347393420467,-0.46402232048895237,0.24128666125515819,1.2871276619189806,-1.242376098803814
Slovénie,0.5052805824078914,-0.4702174436032384,-0.12540848660546805,-0.3714391438813524,-0.46592207191928187,-0.3582991314758825,-0.4207917040396174,0.9626622743399955,-0.9296192427729623,-0.9425219243219884,-0.5359981867991828,-0.5499563652505901,-0.4802678011801374,1.237628513820698,-1.2741958642673465
Soudan,-1.1941134123547925,-0.4433072033699022,-0.2896455267310826,-0.545180167996354,-0.44289926068686797,-0.2102210959699925,-0.4283217064678458,-0.5326297628944465,0.8230833167826513,1.7152061862226442,0.4058789102015453,0.06147582398574867,-0.9031011497404497,-2.2891857881819413,-0.34718302486258246
Sri Lanka,-0.7578386704230522,-0.24860370050517544,-0.2783188343086264,-0.5644847262313543,-0.28009509554337003,0.13529432021041746,-0.24007164576213613,-0.4485947755328949,0.879105773024155,0.641589286121446,-0.06218619004385294,-0.42056753416196346,0.42684661997587087,0.07439853351105563,0.6514610665795767
Suriname,0.6195430148185851,-0.5129572369150077,-0.26132879567494216,-0.3907437021163526,-0.5201901269671145,-0.3582991314758825,-0.5141637341496494,-0.3160347452911159,3.4141219179521953,2.815137226032204,-0.5728817024903277,-0.5861002802026822,2.842776443188821,0.32189427400246895,0.3113202004005807
Suède,0.16664828271801657,-0.25651847704439196,-0.1593885638728366,0.24630671963865336,-0.28009509554337003,-0.3582991314758825,-0.29278166275973483,3.2500022241338473,-0.3533882642889252,-1.2267146331723051,-0.3416780108225239,-0.1913862974198886,-0.7084152914105217,1.3737511710909753,-1.126216520166033
Sénégal,-0.9718210438467152,-0.4306435609071557,-0.2896455267310826,-0.5644847262313543,-0.4297433685540601,-0.1608617508013625,-0.41326170161138903,-0.651997814778363,-2.1461068640170415,-2.631889693598873,-0.2171829228352286,-0.25004381625532757,-0.04222461993779936,0.09914810756019696,-0.4499918086631588
Tadjikistan,-1.0050610241843716,-0.4892129072973581,-0.2896455267310826,-0.1976981197663508,-0.48565591011849374,-0.3582991314758825,-0.5262117380348148,-0.6895845819801888,-0.47143558279780734,-0.2846684316129211,-0.36932942385117146,-0.4889074037365481,-0.8556464717725298,-0.6680886879631842,-0.16885646928532952
Tchad,-1.27513586442783,-0.5414504324561872,-0.2896455267310826,-0.5548324471138542,-0.5382794786497254,-0.3582991314758825,-0.5201877360922321,-0.7010508539603746,-0.8635927764883332,0.025838416945758943,-0.21893841581812912,-0.44120878929904067,-0.9901013926816362,-1.4353254834865654,-0.43935596125066817
Tchéquie,0.25182573233326117,-0.15837524795810695,-0.13673517902792423,0.5551796513986562,-0.16498103938130074,-0.3582991314758825,-0.28374565984586075,0.7535033539038856,-0.7275382399018242,-0.9319962684386434,-0.3301279953501216,-0.2302493781680439,-0.1566025617066321,0.04299217747628317,-1.295180628462969
Thaïlande,-0.4025863805643494,0.8420525065988631,4.2183780574064755,-0.545180167996354,0.9236690346085544,1.2211999139202772,1.9948330749360492,-0.26867359014025627,1.4173215133443153,0.341608093446111,1.143591067395546,1.0183379218864759,0.9494564709302713,-0.7670869841597495,0.890549878324319
Timor-Leste,-1.0029835254132682,-0.5446163430718738,-0.2896455267310826,-0.45830965593885326,-0.5415684516829273,-0.3582991314758825,-0.5277177385204604,-0.6565552209465293,0.03802033001061756,-0.017946879466933192,-0.5568748797413494,-0.5851658251580565,-0.8629471914599021,0.24764555185504494,1.824805388753852
Togo,-0.8097761397006403,-0.4670515329875518,-0.2896455267310826,-0.4100482603513528,-0.46098861236947886,-0.3582991314758825,-0.46898371958027907,-0.6909742767245637,0.03802033001061756,-0.017946879466933192,-0.3955176615897976,-0.4505797505415616,0.32767851088906386,-0.9279592154791682,-0.3129338539602343
Tunisie,-0.0016291177413688916,-0.24385483458164553,-0.26699214188617026,-0.5644847262313543,-0.22911601352873934,-0.3582991314758825,-0.2084456355635769,-0.4967152410151834,0.4269245190748757,-0.18993752866281532,-0.2988763679301283,-0.2258124121550176,1.2694713505600903,-1.1012062338231574,-1.1433709817535658
Turkménistan,-0.9884410340155434,-0.5097913262993211,-0.2896455267310826,-0.4776142141738534,-0.5070342348343065,-0.3089397863072525,-0.49910372929319263,-0.25705794667956283,0.03802033001061756,-0.017946879466933192,-0.4415212500542949,-0.4631983800601532,-0.6889467055775289,0.00014981136363164852,-0.35089914606700606
Turquie,0.1458732950069814,2.0973360657186055,2.1399299978857673,-0.5355278888788539,2.2030795445241242,-0.3582991314758825,2.771929325529219,0.024070408694130678,-0.7795590921260772,-0.31624539926295636,1.4168088481915662,2.2746417593257595,0.1767969706833696,-2.0540648347150987,-0.944776484958504
Ukraine,0.26844572250208937,1.0446707860028064,1.2564479889341855,0.6034410469861567,1.1045625514346633,-0.3582991314758825,1.294542849110809,-0.5670027104383653,0.03802033001061756,-0.017946879466933192,0.5029786988161139,0.8586353710605531,0.8502883618434642,-2.153063130911664,-1.0030740548186605
Uruguay,-0.6892812109766357,-0.5002935944522613,-0.27265548809739837,-0.5355278888788539,-0.4988118022513016,-0.3582991314758825,-0.47952572297979884,0.6176049595497017,-0.37939869040105173,-1.379336643480809,-0.503680456686018,-0.44663728251136553,-0.7948071410444273,1.46037468026297,1.2684260636741558
Vanuatu,-0.4649113436974551,-0.5477822536875605,-0.2896455267310826,-0.5258756097613538,-0.5448574247161293,-0.3582991314758825,-0.5277177385204604,-0.5259353981122046,0.03802033001061756,-0.017946879466933192,-0.5801400870273951,-0.6005505199337059,-0.7272754839362334,1.0272571344029968,2.643987817368349
Venezuela (République bolivarienne du),0.19573326551346606,0.43839890309881974,-0.2896455267310826,-0.323177748293852,0.4303230796282575,1.1224812235830173,0.37437655238130024,-0.13398031692762719,0.03802033001061756,-0.017946879466933192,0.15891037448626816,0.7428534968284248,-0.45045652912336714,-1.3858263353882827,0.4225830058529597
Viet Nam,-0.4732213387818692,1.3565129816479378,-0.2839821805198545,2.244328496961172,1.3676803940908215,1.5667153301006873,0.8532847068166256,-0.5784542721609394,0.6470127400236398,1.6099496273891933,1.7083751669308485,1.0028659711889962,0.1518528450848476,0.5198908663955994,1.0635552850921857
Zambie,-1.0673859873174774,-0.45755380114049193,-0.2839821805198545,-0.44865737682135315,-0.4544106663030749,-0.2595804411386225,-0.45542971520946796,-0.6393105582279334,-0.3553890662975501,0.15214628754589998,-0.16493336899529698,-0.2530116638165632,-0.15416898847750793,0.34664384805161025,0.40868169751438876
Zimbabwe,-0.9759760413889224,-0.432226516214999,-0.2896455267310826,-0.5065710515263537,-0.439610287653666,-0.2102210959699925,-0.42530970549655445,-0.6383352904570795,0.3869084789023731,0.38371071697949133,-0.22711137340750434,-0.3493731016712342,-0.8647723713817452,-0.7175878360614668,0.4976801216501128
Égypte,-0.36934640022669296,1.4261630151930433,-0.2839821805198545,0.4972659766936557,1.5058172614853047,-0.3582991314758825,1.1544848039457611,-0.6035244118367649,0.388909280910998,1.7467831538726795,1.8977283345733498,1.3857626748157548,0.09588066081499318,-1.5961977148059838,-0.7016229858204619
Émirats arabes unis,1.7683998352388348,0.09964646722035207,0.24270901712435772,3.614952131646185,0.1277375605736754,-0.3582991314758825,-0.45693571569511365,2.2260286697355145,-1.0156537291438432,-0.11099510953772719,-0.36584399798428846,-0.2166662531150447,0.33193726404003104,0.9282588382064315,-0.1813450398754828
Équateur,-0.028636601765714698,-0.012743359636522717,-0.2896455267310826,-0.5644847262313543,-0.016977252887211677,0.4808097363908274,-0.017183573886575872,-0.2965369283453262,-0.9496272628592141,-0.6530663875299986,-0.1796080882509024,-0.0983377190472535,0.9226871654099064,0.04299217747628317,0.9343367534831014
Éthiopie,-1.2979883509099688,-0.5303697453012841,-0.2896455267310826,-0.5548324471138542,-0.5267680730335185,-0.3089397863072525,-0.5081397322070667,-0.6988828436874368,-0.3093706200991719,0.025838416945758943,2.054178697288293,0.41420409113421874,-0.9231781288807236,-1.917942177444821,-0.10113381031235101
Îles Salomon,-0.9925960315577506,-0.5477822536875605,-0.2896455267310826,-0.5065710515263537,-0.5448574247161293,-0.3582991314758825,-0.5292237390061062,-0.5808461599020822,0.03802033001061756,-0.017946879466933192,-0.5715127602297463,-0.5970713154184271,-0.35068002672927906,0.4085177831744635,2.3468790328499516
